epoch,time,train/box_loss,train/cls_loss,train/dfl_loss,metrics/precision(B),metrics/recall(B),metrics/mAP50(B),metrics/mAP50-95(B),val/box_loss,val/cls_loss,val/dfl_loss,lr/pg0,lr/pg1,lr/pg2
1,659.53,0.00961,1.58312,1.27651,0.73041,0.57194,0.59692,0.43016,0.00726,1.05657,1.19684,0.00333225,0.00333225,0.00333225
2,4736.14,0.00901,1.07638,1.17525,0.76577,0.59611,0.64329,0.4561,0.00734,1.00537,1.18281,0.00666396,0.00666396,0.00666396
3,10572.7,0.00913,1.04278,1.17951,0.74232,0.59271,0.62555,0.43334,0.00753,0.9842,1.2113,0.00998915,0.00998915,0.00998915
4,11189,0.00903,0.97903,1.17676,0.77377,0.6612,0.69754,0.4959,0.00713,0.83823,1.18213,0.00997803,0.00997803,0.00997803
5,17060.7,0.00874,0.90657,1.15598,0.75375,0.7168,0.7521,0.54301,0.00682,0.78122,1.15107,0.00996097,0.00996097,0.00996097
6,23264.6,0.00856,0.86174,1.1462,0.83008,0.73812,0.78245,0.57477,0.00662,0.69299,1.13858,0.00993906,0.00993906,0.00993906
7,30166.7,0.00841,0.82968,1.13519,0.80155,0.75932,0.81272,0.60193,0.00652,0.66881,1.12869,0.00991232,0.00991232,0.00991232
8,32598.6,0.00827,0.80377,1.12432,0.78861,0.76288,0.81897,0.61073,0.00642,0.64285,1.12256,0.00988079,0.00988079,0.00988079
9,34271.3,0.00824,0.79511,1.12402,0.85071,0.74089,0.8248,0.62499,0.00632,0.62516,1.11298,0.00984449,0.00984449,0.00984449
10,35467,0.00819,0.78357,1.12,0.85684,0.7787,0.84467,0.63658,0.00625,0.61496,1.10864,0.00980345,0.00980345,0.00980345
11,38632.9,0.00809,0.77048,1.11398,0.84291,0.77866,0.84184,0.65126,0.00617,0.59377,1.09905,0.00975773,0.00975773,0.00975773
12,41429.5,0.00805,0.75905,1.11058,0.85834,0.7868,0.84899,0.65273,0.00613,0.58029,1.09789,0.00970736,0.00970736,0.00970736
13,44368,0.008,0.75005,1.10822,0.85777,0.77985,0.85352,0.66178,0.00609,0.57346,1.09526,0.00965239,0.00965239,0.00965239
14,50793.8,0.00797,0.74487,1.1092,0.85327,0.80636,0.85949,0.66787,0.00606,0.56635,1.09345,0.00959289,0.00959289,0.00959289
15,51392.8,0.00798,0.7445,1.10703,0.84633,0.8104,0.8579,0.67018,0.00605,0.56109,1.08997,0.00952889,0.00952889,0.00952889
16,55477.1,0.00791,0.73344,1.10182,0.83736,0.81902,0.86443,0.6751,0.00602,0.55536,1.08755,0.00946048,0.00946048,0.00946048
17,56102.8,0.00786,0.72479,1.09905,0.84145,0.82486,0.86822,0.67864,0.006,0.55114,1.08559,0.00938772,0.00938772,0.00938772
18,56678.1,0.00785,0.72357,1.09813,0.83497,0.83278,0.86867,0.67969,0.00599,0.54661,1.08394,0.00931067,0.00931067,0.00931067
19,57254.9,0.00784,0.71569,1.09516,0.83763,0.83494,0.86893,0.6801,0.00598,0.54451,1.08273,0.00922942,0.00922942,0.00922942
20,58820.8,0.00783,0.71707,1.09626,0.85472,0.82939,0.87193,0.68356,0.00596,0.54234,1.08135,0.00914405,0.00914405,0.00914405
21,61403.8,0.00778,0.70939,1.09484,0.85079,0.831,0.87244,0.68537,0.00595,0.54069,1.08034,0.00905463,0.00905463,0.00905463
22,65603.9,0.00782,0.71208,1.09507,0.85726,0.82485,0.87412,0.68589,0.00594,0.53895,1.07996,0.00896127,0.00896127,0.00896127
23,69811.9,0.00777,0.703,1.09458,0.86099,0.82719,0.87636,0.68727,0.00594,0.53769,1.07942,0.00886404,0.00886404,0.00886404
24,71541.7,0.00773,0.70126,1.08888,0.86334,0.82779,0.87638,0.68923,0.00593,0.53649,1.07889,0.00876305,0.00876305,0.00876305
25,77493.6,0.00773,0.69786,1.08716,0.86307,0.82479,0.87712,0.69054,0.00592,0.53508,1.07796,0.00865839,0.00865839,0.00865839
26,79929.3,0.0077,0.69178,1.08762,0.86112,0.82516,0.87763,0.69112,0.00592,0.53381,1.07741,0.00855018,0.00855018,0.00855018
27,712.35,0.00772,0.6959,1.08921,0.8562,0.8258,0.87815,0.69138,0.00591,0.53323,1.077,0.00843851,0.00843851,0.00843851
28,4732.86,0.00773,0.69706,1.08945,0.85663,0.82839,0.87851,0.69427,0.00591,0.53265,1.07678,0.00832349,0.00832349,0.00832349
29,10681.3,0.00771,0.69486,1.08827,0.85475,0.83099,0.87956,0.69394,0.0059,0.53169,1.07662,0.00820525,0.00820525,0.00820525
30,11307.4,0.00768,0.69128,1.08607,0.85462,0.83204,0.8787,0.69489,0.0059,0.531,1.07633,0.00808389,0.00808389,0.00808389
31,17229.7,0.00768,0.6914,1.08435,0.84936,0.83915,0.87995,0.69587,0.0059,0.53068,1.07598,0.00795954,0.00795954,0.00795954
32,24239.7,0.00768,0.68517,1.08732,0.84609,0.84375,0.87901,0.69674,0.00589,0.52986,1.07554,0.00783231,0.00783231,0.00783231
33,32019.7,0.00766,0.68437,1.08432,0.84497,0.85043,0.87904,0.69691,0.00589,0.52915,1.07518,0.00770234,0.00770234,0.00770234
34,35182.8,0.00761,0.67676,1.07976,0.85318,0.84465,0.88003,0.69722,0.00588,0.52818,1.07487,0.00756976,0.00756976,0.00756976
35,37057.1,0.00763,0.6805,1.08321,0.85342,0.84449,0.88059,0.69803,0.00588,0.52709,1.07434,0.00743468,0.00743468,0.00743468
36,38335.8,0.00763,0.67808,1.08129,0.85581,0.84509,0.88117,0.69779,0.00588,0.52622,1.07402,0.00729725,0.00729725,0.00729725
37,41949.5,0.00758,0.67427,1.07845,0.85834,0.84583,0.88383,0.70013,0.00587,0.52514,1.07354,0.00715761,0.00715761,0.00715761
38,45225.3,0.00757,0.67087,1.07802,0.8598,0.84845,0.88388,0.70124,0.00586,0.52397,1.07287,0.00701588,0.00701588,0.00701588
39,45806.3,0.00756,0.66539,1.07639,0.86441,0.84795,0.88462,0.70158,0.00586,0.52301,1.07257,0.00687222,0.00687222,0.00687222
40,53027.5,0.00754,0.66502,1.07815,0.87,0.84872,0.8863,0.70177,0.00586,0.5217,1.07232,0.00672675,0.00672675,0.00672675
41,53631.8,0.00756,0.66643,1.07799,0.87195,0.84993,0.88835,0.70406,0.00585,0.5205,1.07184,0.00657963,0.00657963,0.00657963
42,611.906,0.00751,0.65694,1.07227,0.87178,0.8493,0.88811,0.7043,0.00585,0.51958,1.07155,0.00643101,0.00643101,0.00643101
43,4683.63,0.00752,0.65906,1.07185,0.87051,0.85147,0.88842,0.70464,0.00584,0.51889,1.07086,0.00628101,0.00628101,0.00628101
44,613.724,0.00747,0.65061,1.06989,0.87071,0.85047,0.88809,0.70452,0.00584,0.51843,1.07056,0.00612981,0.00612981,0.00612981
45,3994.52,0.00749,0.65403,1.07072,0.87101,0.8545,0.88923,0.70495,0.00583,0.51755,1.07022,0.00597754,0.00597754,0.00597754
46,9856.12,0.00749,0.65519,1.07183,0.87305,0.85341,0.8901,0.70577,0.00583,0.5166,1.06983,0.00582435,0.00582435,0.00582435
47,10470.7,0.00746,0.65342,1.06935,0.87266,0.85566,0.89043,0.70575,0.00582,0.51549,1.06909,0.0056704,0.0056704,0.0056704
48,15896.2,0.00746,0.65219,1.0702,0.87557,0.8543,0.89187,0.70699,0.00582,0.5147,1.06863,0.00551584,0.00551584,0.00551584
49,16503.2,0.00746,0.64742,1.07036,0.87419,0.85878,0.89254,0.70784,0.00581,0.51379,1.068,0.00536081,0.00536081,0.00536081
50,17131.3,0.00744,0.646,1.06921,0.87263,0.85992,0.89239,0.7078,0.00581,0.51301,1.0676,0.00520548,0.00520548,0.00520548
